<core:FragmentDefinition xmlns="sap.m"
	xmlns:core="sap.ui.core"
	xmlns:smartFilterBar="sap.ui.comp.smartfilterbar">
	<smartFilterBar:SmartFilterBar id="smartFilterBar" useToolbar="false" showClearOnFB="true" entitySet="ServiceOrdersSet" clear=".onClearFilter" persistencyKey="PlanningKey" smartVariant="PlanningVariant" search="onFilterSearch" beforeVariantFetch="onBeforeVariantFetch" afterVariantLoad="onAfterVariantLoad">
		<smartFilterBar:controlConfiguration>
			<smartFilterBar:ControlConfiguration key="Aufnr" index="0" label="{/#ServiceOrders/Aufnr/@sap:label}" visibleInAdvancedArea="true" displayBehaviour="descriptionOnly">
				<smartFilterBar:customControl>
					<MultiComboBox items="{path:'/OrderSet'}" showSecondaryValues="true">
						<core:ListItem text="{Aufnr}" key="{Aufnr}" additionalText="{Ktext}"></core:ListItem>
						<customData>
							<core:CustomData key="filterProp" value="Aufnr"/>
							<core:CustomData key="filterOperator" value="EQ"/>
						</customData>
					</MultiComboBox>
				</smartFilterBar:customControl>
			</smartFilterBar:ControlConfiguration>
			<smartFilterBar:ControlConfiguration key="Auart" index="2" label="{/#ServiceOrders/Auart/@sap:label}" visibleInAdvancedArea="true" displayBehaviour="descriptionOnly">
				<smartFilterBar:customControl>
				<MultiComboBox items="{path:'/OrderTypesSet'}">
						<core:ListItem text="{Auart}" key="{Auart}"></core:ListItem>
						<customData>
							<core:CustomData key="filterProp" value="Auart"/>
							<core:CustomData key="filterOperator" value="EQ"/>
						</customData>
					</MultiComboBox>
					<!-- <MultiInput placeholder="{i18n>placeHolderSearch}" valueHelpRequest=".openValueHelp($event,null,true)">
						<customData>
							<core:CustomData key="filterProp" value="Auart"/>
							<core:CustomData key="filterOperator" value="EQ"/>
							<core:CustomData key="filterEntity" value="OrderTypesSet"/>
							<core:CustomData key="ItemProp1" value="Auart"/>
							<core:CustomData key="Model" value=""/>
							<core:CustomData key="SuggestTerms" value="Auart"/>
							<core:CustomData key="DialogTitle" value="{/#ServiceOrders/Auart/@sap:label}"/>
						</customData>
					</MultiInput> -->
				</smartFilterBar:customControl>
			</smartFilterBar:ControlConfiguration>
			<smartFilterBar:ControlConfiguration key="Kostv" index="3" label="{/#ServiceOrders/Kostv/@sap:label}" visibleInAdvancedArea="true" displayBehaviour="descriptionOnly">
				<smartFilterBar:customControl>
				<MultiComboBox items="{path:'/CostCenterSet'}">
						<core:ListItem text="{Kostv}" key="{Kostv}"></core:ListItem>
						<customData>
							<core:CustomData key="filterProp" value="Kostv"/>
							<core:CustomData key="filterOperator" value="EQ"/>
						</customData>
					</MultiComboBox>
					</smartFilterBar:customControl>
					</smartFilterBar:ControlConfiguration>
			<!-- <smartFilterBar:ControlConfiguration key="Werks" index="2" label="{/#ServiceOrders/Werks/@sap:label}" visibleInAdvancedArea="true" displayBehaviour="descriptionOnly">
				<smartFilterBar:customControl>
					<MultiComboBox items="{}">
						<core:Item text="" key=""></core:Item>
						<customData>
							<core:CustomData key="filterProp" value=""/>
							<core:CustomData key="filterOperator" value=""/>
						</customData>
					</MultiComboBox>
				</smartFilterBar:customControl>
			</smartFilterBar:ControlConfiguration> -->
		</smartFilterBar:controlConfiguration>
	</smartFilterBar:SmartFilterBar>
</core:FragmentDefinition>