<core:FragmentDefinition xmlns="sap.m" xmlns:core="sap.ui.core" xmlns:smartTable="sap.ui.comp.smarttable" xmlns:commons="sap.suite.ui.commons" xmlns:customData="http://schemas.sap.com/sapui5/extension/sap.ui.core.CustomData/1" xmlns:table="sap.ui.table">
    <smartTable:SmartTable
        id="EffortAnalysisTable"
        ignoreFromPersonalisation=""
        showFullScreenButton="true"
        requestAtLeastFields="Aufnr,Auart,Autyp,Refnr,Ernam,Erdat,Aenam,Bukrs,Werks,Gsber,Kokrs,Waers,Astnr,Kostv,Saknr"
        entitySet="ServiceOrdersSet"
        smartFilterId="smartFilterBar"
        smartVariant="PlanningVariant"
        header="{i18n>labelModules}"
        customData:p13nDialogSettings='{filter:{visible:false},sort:{visible:false}}'
        persistencyKey="MyEscalationsSmartTable"
        enableAutoBinding="true"
        beforeRebindTable=".onBeforeRebindTable"
        height="100%"
    >
        <smartTable:customToolbar>
            <OverflowToolbar design="Transparent">
                <ToolbarSpacer />
            </OverflowToolbar>
        </smartTable:customToolbar>
        <Table selectionChange=".showActualsVsPlanned" fixedLayout="false" mode="SingleSelectMaster" sticky="ColumnHeaders" growing="true" growingScrollToLoad="true" >
            <columns>
                <!-- Flag -->
                <Column width="5rem">
                    <customData>
                        <core:CustomData key="p13nData" value='\{"columnKey": "Aufnr", "columnIndex":"0", "leadingProperty": "Aufnr","customColumn":true}' />
                    </customData>
                    <Text text="{i18n>Aufnr}" />
                </Column>
                <Column >
                    <customData>
                        <core:CustomData key="p13nData" value='\{"columnKey": "Auart", "columnIndex":"1", "leadingProperty": "Auart","customColumn":true}' />
                    </customData>
                    <Text text="{i18n>Auart}" />
                </Column>
                <Column >
                    <customData>
                        <core:CustomData key="p13nData" value='\{"columnKey": "Autyp", "columnIndex":"2", "leadingProperty": "Autyp","customColumn":true}' />
                    </customData>
                    <Text text="{i18n>Autyp}" />
                </Column>
                <Column>
                    <customData>
                        <core:CustomData key="p13nData" value='\{"columnKey": "Refnr", "columnIndex":"3", "leadingProperty": "Refnr","customColumn":true}' />
                    </customData>
                    <Text text="{i18n>Refnr}" />
                </Column>
                <Column >
                    <customData>
                        <core:CustomData key="p13nData" value='\{"columnKey": "Ernam", "columnIndex":"4", "leadingProperty": "Ernam","customColumn":true}' />
                    </customData>
                    <Text text="{i18n>Ernam}" />
                </Column>
                <Column>
                    <customData>
                        <core:CustomData key="p13nData" value='\{"columnKey": "Erdat", "columnIndex":"5", "leadingProperty": "Erdat","customColumn":true}' />
                    </customData>
                    <Text text="{i18n>Erdat}" />
                </Column>
                <Column>
                    <customData>
                        <core:CustomData key="p13nData" value='\{"columnKey": "Aenam", "columnIndex":"6", "leadingProperty": "Aenam","customColumn":true}' />
                    </customData>
                    <Text text="{i18n>Aenam}" />
                </Column>
                <Column>
                    <customData>
                        <core:CustomData key="p13nData" value='\{"columnKey": "Bukrs", "columnIndex":"7", "leadingProperty": "Bukrs","customColumn":true}' />
                    </customData>
                    <Text text="{i18n>Bukrs}" />
                </Column>
                <Column>
                    <customData>
                        <core:CustomData key="p13nData" value='\{"columnKey": "Werks", "columnIndex":"8", "leadingProperty": "Werks","customColumn":true}' />
                    </customData>
                    <Text text="{i18n>Werks}" />
                </Column>
                <Column>
                    <customData>
                        <core:CustomData key="p13nData" value='\{"columnKey": "Gsber", "columnIndex":"9", "leadingProperty": "Gsber","customColumn":true}' />
                    </customData>
                    <Text text="{i18n>Gsber}" />
                </Column>
                <Column>
                    <customData>
                        <core:CustomData key="p13nData" value='\{"columnKey": "Kokrs", "columnIndex":"10", "leadingProperty": "Kokrs","customColumn":true}' />
                    </customData>
                    <Text text="{i18n>Kokrs}" />
                </Column>
                <Column>
                    <customData>
                        <core:CustomData key="p13nData" value='\{"columnKey": "Waers", "columnIndex":"11", "leadingProperty": "Waers","customColumn":true}' />
                    </customData>
                    <Text text="{i18n>Waers}" />
                </Column>
                <Column>
                    <customData>
                        <core:CustomData key="p13nData" value='\{"columnKey": "Astnr", "columnIndex":"12", "leadingProperty": "Astnr","customColumn":true}' />
                    </customData>
                    <Text text="{i18n>Astnr}" />
                </Column>
                <Column>
                    <customData>
                        <core:CustomData key="p13nData" value='\{"columnKey": "Kostv", "columnIndex":"13", "leadingProperty": "Kostv","customColumn":true}' />
                    </customData>
                    <Text text="{i18n>Kostl}" />
                </Column>
                <Column>
                    <customData>
                        <core:CustomData key="p13nData" value='\{"columnKey": "Saknr", "columnIndex":"14", "leadingProperty": "Saknr","customColumn":true}' />
                    </customData>
                    <Text text="{i18n>Saknr}" />
                </Column>
            </columns>
            <items>
                <ColumnListItem type="Navigation">
                    <cells>
                        <Text text="{Aufnr}" />
                        <Text text="{Auart}" />
                        <Text text="{Autyp}" />
                        <Text text="{Refnr}" />
                        <Text text="{Ernam}" />
                        <Text text="{path : 'Erdat',
                                type : 'sap.ui.model.type.Date',
                                formatOptions: {
                                    style : 'medium'
                                }}" />
                        <Text text="{Aenam}" />
                        <Text text="{Bukrs}" />
                        <Text text="{Werks}" />
                        <Text text="{Gsber}" />
                        <Text text="{Kokrs}" />
                        <Text text="{Waers}" />
                        <Text text="{Astnr}" />
                        <Text text="{Kostv}" />
                        <Text text="{Saknr}" />
                    </cells>
                </ColumnListItem>
            </items>
        </Table>
    </smartTable:SmartTable>
</core:FragmentDefinition>
