{
  "model/models.js": 1678466441154,
  "controller/App.controller.js": 1678691845394,
  "utils/locate-reuse-libs.js": 1678466441158,
  "i18n/i18n.properties": 1678700868440,
  "controller/View1.controller.js": 1678699878116,
  "controller/BaseController.js": 1678691938607,
  "manifest.json": 1679315622462,
  "controller/ActualsVsPlanned.controller.js": 1678708119320,
  "Component.js": 1678466441154,
  "Component-preload.js": 1679315623173,
  "controller/ActualsVsPlanned-dbg.controller.js": 1678708119320,
  "model/models-dbg.js": 1678466441154,
  "controller/View1-dbg.controller.js": 1678699878116,
  "controller/BaseController-dbg.js": 1678691938607,
  "controller/App-dbg.controller.js": 1678691845394,
  "utils/locate-reuse-libs-dbg.js": 1678466441158,
  "Component-dbg.js": 1678466441154,
  "view/View1.view.xml": 1678697854222,
  "view/App.view.xml": 1678466441158,
  "view/ActualsVsPlanned.view.xml": 1678709825376,
  "fragment/actualvsplannedSmartTable.fragment.xml": 1678706917318,
  "fragment/ValueHelpDialog.fragment.xml": 1678693598492,
  "fragment/SmartTable.fragment.xml": 1678699948376,
  "fragment/SmartFilter.fragment.xml": 1678708924020,
  "css/style.css": 1678466441154,
  "index.html": 1678466441154
}